mata_pelajaran;pertanyaan;pilihan_a;pilihan_b;pilihan_c;pilihan_d;pilihan_e;jawaban;pembahasan
Matematika;Hasil dari 5/6 - 1/4 adalah ...;4/2;1/3;3/10;11/12;7/12;E;10/12 - 3/12 = 7/12
Matematika;Nilai x yang memenuhi 4x + 9 = 37 adalah ...;6;8;7;9;11;C;4x = 28, x = 7
Matematika;Luas segitiga dengan alas 14 cm dan tinggi 9 cm adalah ...;63 cm²;126 cm²;46 cm²;23 cm²;72 cm²;A;1/2 x 14 x 9 = 63
Matematika;Hasil dari 15% dari 240 adalah ...;24;36;30;40;48;B;15/100 x 240 = 36
Matematika;Median dari data 7, 3, 9, 5, 8 adalah ...;5;6,4;7;8;9;C;"Urutkan: 3, 5, 7, 8, 9; nilai tengahnya 7"
Matematika;Kelipatan persekutuan terkecil (KPK) dari 12 dan 18 adalah ...;6;24;54;36;72;D;12 = 2² x 3, 18 = 2 x 3², KPK = 2² x 3² = 36
Matematika;Nilai dari √144 + √81 adalah ...;15;18;19;225;21;E;12 + 9 = 21
Matematika;Perbandingan uang Ani dan Budi 3 : 5. Jika jumlah uang mereka Rp64.000, uang Budi adalah ...;Rp40.000;Rp24.000;Rp32.000;Rp38.000;Rp48.000;A;5/8 x 64.000 = 40.000
Matematika;Volume tabung dengan jari-jari 7 cm dan tinggi 10 cm (pi = 22/7) adalah ...;440 cm³;770 cm³;1.078 cm³;1.540 cm³;3.080 cm³;D;22/7 x 7 x 7 x 10 = 1.540
Matematika;Hasil pemfaktoran x² - 9 adalah ...;(x - 9)(x + 1);(x - 3)(x + 3);(x - 3)²;(x + 3)²;(x - 1)(x + 9);B;Selisih dua kuadrat: a² - b² = (a - b)(a + b)
Matematika;Jumlah besar sudut dalam segi empat adalah ...;90°;360°;180°;270°;540°;B;Segi empat dapat dibagi menjadi dua segitiga: 2 x 180° = 360°
Matematika;Sebuah baju seharga Rp150.000 diberi diskon 20%. Harga setelah diskon adalah ...;Rp30.000;Rp100.000;Rp130.000;Rp120.000;Rp180.000;D;"Diskon 20% x 150.000 = 30.000; 150.000 - 30.000 = 120.000"
Bahasa Indonesia;Kata yang penulisannya baku adalah ...;apotik;nasehat;apotek;resiko;jadual;C;Bentuk baku: apotek, nasihat, risiko, jadwal
Bahasa Indonesia;Kalimat yang berisi fakta adalah ...;Indonesia memproklamasikan kemerdekaan pada tahun 1945.;Film itu sangat membosankan.;Sebaiknya kamu belajar lebih giat.;Rasanya hari ini akan turun hujan.;Masakan ibu paling enak sedunia.;A;Fakta dapat dibuktikan kebenarannya, bukan pendapat pribadi
Bahasa Indonesia;Huruf kapital yang digunakan dengan tepat terdapat pada kalimat ...;kami berlibur ke danau toba bulan lalu.;Kami berlibur ke danau Toba Bulan lalu.;Kami Berlibur ke Danau toba bulan lalu.;Kami berlibur ke Danau Toba bulan lalu.;kami berlibur ke Danau Toba Bulan Lalu.;D;Huruf kapital untuk awal kalimat dan nama geografi (Danau Toba)
Bahasa Indonesia;Teks yang berisi langkah-langkah melakukan sesuatu disebut teks ...;narasi;prosedur;deskripsi;eksposisi;biografi;B;Teks prosedur menjelaskan cara atau langkah melakukan sesuatu
Bahasa Indonesia;Makna kata 'kaki tangan' dalam kalimat 'Polisi menangkap kaki tangan perampok itu' adalah ...;anggota tubuh;tukang pijat;orang yang rajin;pembantu atau anak buah;penunjuk jalan;D;'Kaki tangan' adalah ungkapan yang bermakna orang suruhan
Bahasa Indonesia;Tanda baca yang tepat untuk mengakhiri kalimat perintah adalah ...;tanda titik dua (:);tanda koma (,);tanda seru (!);tanda tanya (?);tanda hubung (-);C;Kalimat perintah diakhiri tanda seru
Bahasa Indonesia;Kata 'pelajaran' terbentuk dari kata dasar ...;ajar;pelajar;jaran;lajar;belajar;A;pe-an + ajar = pelajaran
Bahasa Indonesia;Puisi lama yang terdiri atas empat baris, bersajak a-b-a-b, dengan dua baris pertama sebagai sampiran disebut ...;pantun;gurindam;syair;soneta;balada;A;Pantun: sampiran (baris 1-2) dan isi (baris 3-4), bersajak a-b-a-b
Bahasa Inggris;'We ___ in Tangerang since 2020.' The correct word is ...;have lived;lives;living;is live;was live;A;Present perfect (have + V3) dipakai dengan 'since'
Bahasa Inggris;The synonym of 'big' is ...;small;large;tiny;short;thin;B;big = large
Bahasa Inggris;'___ you like some tea?' The correct word is ...;Do;Are;Did;Have;Would;E;'Would you like ...?' untuk menawarkan sesuatu
Bahasa Inggris;'The book is ___ the table.' (di atas) The correct word is ...;in;under;behind;between;on;E;on = di atas (menempel pada permukaan)
Bahasa Inggris;The past tense of 'go' is ...;goed;gone;going;went;goes;D;go - went - gone
Bahasa Inggris;'Thank you very much.' The best response is ...;Nice to meet you.;Good night.;I'm fine.;See you later.;You're welcome.;E;Jawaban lazim atas ucapan terima kasih
Bahasa Inggris;'Rina is the ___ student in her class.' The correct word is ...;smart;smarter;more smart;smartest;most smartest;D;Superlatif: the + adjective-est
Bahasa Inggris;The ninth month of the year is ...;August;October;September;November;June;C;Bulan ke-9 adalah September
IPA;Hewan yang memakan tumbuhan disebut ...;karnivora;omnivora;insektivora;dekomposer;herbivora;E;Herbivora = pemakan tumbuhan
IPA;Satuan SI untuk gaya adalah ...;newton;joule;watt;pascal;kilogram;A;Gaya diukur dalam newton (N)
IPA;Benda bermassa 2 kg didorong dengan gaya 10 N. Percepatannya adalah ...;0,2 m/s²;8 m/s²;12 m/s²;20 m/s²;5 m/s²;E;a = F/m = 10/2 = 5
IPA;Perubahan wujud dari padat langsung menjadi gas disebut ...;mencair;membeku;mengembun;menyublim;menguap;D;Contoh: kapur barus menyublim
IPA;Bagian tumbuhan yang berfungsi menyerap air dan mineral dari tanah adalah ...;daun;akar;bunga;batang;buah;B;Akar menyerap air dan unsur hara
IPA;Lensa yang digunakan untuk membantu penderita rabun jauh (miopi) adalah lensa ...;cembung;cekung;silinder;rangkap;datar;B;Miopi ditolong lensa cekung (negatif)
IPA;Rumus kimia air adalah ...;CO₂;O₂;NaCl;H₂SO₄;H₂O;E;Air tersusun atas 2 atom H dan 1 atom O
IPA;Penyakit yang disebabkan kekurangan vitamin C adalah ...;rabun senja;sariawan;rakitis;beri-beri;anemia;B;Kekurangan vitamin C menyebabkan sariawan (skorbut)
IPS;Kenampakan alam berupa daratan yang menjorok ke laut disebut ...;teluk;selat;tanjung;delta;lembah;C;"Tanjung = daratan menjorok ke laut; teluk = laut menjorok ke darat"
IPS;Presiden pertama Republik Indonesia adalah ...;Mohammad Hatta;Soeharto;Ir. Soekarno;B.J. Habibie;Sutan Sjahrir;C;Ir. Soekarno menjabat presiden sejak 18 Agustus 1945
IPS;Uang yang disimpan di bank dan dapat diambil sewaktu-waktu disebut ...;tabungan;pajak;utang;modal saham;dividen;A;Tabungan dapat ditarik kapan saja
IPS;Organisasi negara-negara di kawasan Asia Tenggara disebut ...;PBB;OPEC;ASEAN;APEC;Uni Eropa;C;ASEAN berdiri 8 Agustus 1967 di Bangkok
